date,kosave,kosave_quant,kosave_amt,mmc,cma,bc,ar,wti,unsoldapt,apt,tr_bond,loan_apt,cd,houseloan_county,houseloan_seoul,cash_cur,deli_ratio,termdepo,interrate_call,interrate_kb,bsi,cpi_month,cpi_jeon,cpi_total,ppi_realestate,ppi_buildlease,ppi_total,unemprate,cci,cli,SPI
2007-01-01,1379.25,192731575,2582501187,57223.2,3873.9,112303.8,1780,54.51,697,4386,4.97,8.12,4.92,143560.4,100552.3,20677.7,0.8,449295.9,4.63,4.5,105.9,84.114,75.314,77.573,84.8,89.04,86.54,4.8,68.2,72,75.32
2007-02-01,1434.89,230584554,3353641271,56450.2,3867.6,114057.2,2019.1,59.28,590,3759,4.91,11.67,4.95,144021.6,100855.7,20690,0.9,451327.1,4.6,4.5,113.1,84.198,75.536,77.725,84.88,89.21,86.59,4.6,68.7,72.3,75.21
2007-03-01,1431.62,276749496,3149139880,52342.6,4214.3,117768.3,2492,60.44,687,5463,4.79,7.88,4.94,143788.4,100845.4,21296.6,0.8,452615.8,4.6,4.5,113.7,84.282,75.683,77.878,85.04,89.39,86.96,4.2,69.5,72.5,75.92
2007-04-01,1517.12,373783291,4472297898,50004.8,4044.2,116494.6,2590.4,63.98,685,4445,4.94,9.63,4.95,144060,100608.4,20923.8,0.8,456907,4.69,4.5,115.3,84.282,75.904,78.031,85.31,89.56,87.57,4.2,70.3,72.8,75.36
2007-05-01,1614.94,416322121,5060726750,48075.5,3978.6,119064.5,2475.5,63.46,704,3608,5.1,8.22,5.04,143882.3,99516.3,20833,0.9,461735.9,4.61,4.5,114.6,84.451,76.126,78.259,85.4,89.65,88.06,3.9,70.9,73.1,74.34
2007-06-01,1754.28,501984937,7316801417,49468.3,4156.7,124979.4,2289.5,67.49,778,5000,5.24,9.51,5.03,144108.6,99351.6,20884.1,0.6,465644.9,4.54,4.5,113.3,84.534,76.199,78.336,85.4,89.74,88.24,3.7,71.1,73.6,75.93
2007-07-01,1911.56,491601779,7629429713,51145.8,4175.1,131212.3,2273.3,74.12,840,5766,5.35,12.92,5.05,144627.4,99003.5,20994.1,0.7,467238.9,4.67,4.75,115,84.534,76.273,78.412,85.56,89.74,88.35,3.9,71.5,74.1,76.6
2007-08-01,1815.02,391923716,6189490662,51504.4,4117.6,139587.4,2245.8,72.36,730,4890,5.28,4.72,5.21,145747.4,98846.1,21013.5,0.8,468413.3,4.92,5,117.6,84.618,76.421,78.565,85.66,89.91,88.3,3.9,71.9,74.4,77.08
2007-09-01,1879.03,410476573,5669445490,51545.5,4176.8,144599.6,2000.2,79.92,724,4471,5.39,7.84,5.34,145921,98683.7,21072.1,0.7,467340.1,4.98,5,116.6,84.871,76.495,78.642,85.78,90,88.72,3.8,72.4,74.7,77.22
2007-10-01,2004.55,439936173,8236418977,52417.1,4316.5,152831.1,2270.5,85.8,977,6564,5.42,7.01,5.34,147286.1,98712.3,21375.5,0.7,466256.2,5,5,115.2,84.954,76.569,78.718,85.79,90.08,88.9,3.9,72.9,74.8,77.66
2007-11-01,1924.84,335760995,7290704164,52730.8,4229.1,168763,2324.9,94.77,1081,5411,5.54,10.3,5.43,148464.3,98990.5,21258.5,0.7,466906.9,5,5,114.3,85.458,76.864,79.1,85.94,90.34,89.27,4,73.3,75.1,77.49
2007-12-01,1903.99,302879055,5295404612,51317.8,4458.9,177905.5,2288.8,91.69,454,5249,5.89,10.92,5.73,163372.6,107469.2,21360.9,0.6,473321.2,4.99,5,111.2,85.626,77.086,79.252,86.02,90.43,89.63,4.1,74,75.3,77.65
2008-01-01,1732.29,287741358,5506422742,48107.4,4461.1,188397.1,2366.3,92.97,524,5869,5.44,14.37,5.81,163223.8,107433.5,21026.3,0.7,484291.4,4.99,5,111.5,85.793,77.233,79.405,86.91,91.65,90.13,4.2,74.2,75.4,78.57
2008-02-01,1689.53,320754131,4688595999,54717.5,4234.2,193061.8,2166.6,95.39,788,6713,5.06,10.22,5.28,164072.1,106294.4,21575.9,0.8,499404.4,4.97,5,114.1,86.046,77.455,79.634,86.93,91.73,90.97,4.5,74.4,75.2,79.7
2008-03-01,1651.15,289602343,4818747917,58386.6,4440.8,196652.2,1990.6,105.45,799,10722,5.15,13.35,5.25,165192.6,106393.8,21690.2,0.6,504995.9,4.97,5,106.4,86.297,77.676,79.862,87.17,91.91,92.15,4.1,74.5,75.2,81.6
2008-04-01,1776.58,292315088,5732962154,57425.2,4705,198737.6,1966.2,112.58,764,9202,4.98,16.04,5.38,166904.7,107235.2,21802.5,0.7,509008.6,4.99,5,107.9,86.549,77.972,80.168,87.53,92.08,94.11,3.9,74.6,75.2,83.42
2008-05-01,1846.75,311960073,5966084629,61873.9,4988,201918.7,1909,125.4,1016,7437,5.28,17.54,5.36,168457.5,107892.2,22015.2,0.7,514551.3,4.97,5,103.1,87.053,78.193,80.473,87.7,92.17,96,3.7,74.8,75.3,84.12
2008-06-01,1758.17,315780785,4665795082,63448.9,4775.7,202308.2,1920,133.88,1090,5619,5.7,13.29,5.36,170209.7,108322.4,22052.5,0.5,516794.5,4.95,5,97.6,87.388,78.415,80.703,87.76,92.17,97.54,3.8,75,75.3,84.48
2008-07-01,1569.6,295971066,4763335992,61018.1,4772.8,204208.5,1931.5,133.37,1437,3302,5.96,10.17,5.52,171704.7,109336.9,22037.5,0.6,519412.3,4.98,5,91.8,87.557,78.71,81.008,88.02,92.34,99.44,3.8,75.4,75.3,83.64
2008-08-01,1537.55,239367091,3833566918,59960.8,4121.6,204354.7,1942.8,116.67,1491,2386,5.77,8.08,5.77,172891.6,109710.9,22151.5,0.7,524217.1,5.22,5.25,101,87.724,78.858,81.161,88.1,92.43,99.16,4.1,75.8,75.4,83.75
2008-09-01,1446.56,393676579,5556089457,55808.9,3881.2,201137.5,1912.6,104.11,1530,1849,5.81,9.44,5.79,173898.6,110055.4,22541.1,0.6,530950.6,5.22,5.25,96.5,87.808,79.006,81.237,88.46,92.69,98.75,3.7,76.1,75.5,81.97
2008-10-01,1201.7,458316719,5867955118,51522.8,4035.8,195178.8,1552,76.61,1981,1519,5.09,4.38,6.03,174633.7,110207.2,22618.3,0.7,542519.2,4.88,4.25,79.4,88.06,79.227,81.466,88.54,92.95,98.49,3.7,76.4,75.5,78.43
2008-11-01,1073.95,560166441,5584304700,52572.2,4247.3,190880.7,1579,57.31,2263,1163,4.97,2.35,5.62,175537.2,110702.3,22852.4,0.7,556997.6,4,4,66.7,88.312,79.375,81.695,88.56,93.12,96.2,3.8,75.9,75.4,73.93
2008-12-01,1114.9,496851178,5223060030,53825.9,4026.9,187642.7,1628.6,41.12,2486,1523,3.97,1.65,4.68,175903.4,111182.1,23020.2,0.6,568936,3.27,3,55.5,88.396,79.523,81.772,88.57,93.3,94.58,3.9,74.2,75.4,69.84
2009-01-01,1156.37,380309363,4637338820,58503.4,3721.7,184705.8,1628.1,41.71,2511,3777,3.44,0.74,3.22,174921.2,112031.2,23125.9,0.8,576259.4,2.43,2.5,62.7,88.479,79.597,81.848,89.3,93.82,94.31,4.2,72.1,75.5,72.76
2009-02-01,1139.75,517432818,4515043982,73515.9,3725.9,177593.2,1496.5,39.09,2460,4897,3.78,8.25,2.7,174675.8,112388.7,23252,0.9,585861.4,2.06,2,65.8,88.479,79.597,81.848,89.38,93.9,94.95,4.9,71.7,76,75.56
2009-03-01,1140.45,522491675,4968139561,76555.9,3321.3,174422.2,1461.3,47.94,2459,5381,3.69,9.18,2.45,175042.6,113018.5,23501.6,0.7,587939.9,1.77,2,69.3,88.396,79.597,81.848,89.62,94.34,95.4,4.9,72.4,76.6,76.28
2009-04-01,1322.1,733884673,7748810993,78892.4,3109.2,174734.8,1446.8,49.65,2295,8306,3.76,22.61,2.42,175464.6,113246.2,23765.8,0.8,586541.6,1.8,2,88.1,88.648,79.744,82.001,89.86,94.6,95.51,5,73.4,77.7,78.7
2009-05-01,1400.5,717312436,7761258945,75521.9,3241.1,175372.9,1446.8,59.03,2136,7009,3.83,28.4,2.41,176764.9,114235.4,23904.4,0.8,588710.8,1.91,2,93.8,88.732,79.892,82.153,89.92,94.77,94.78,4.7,73.9,78.3,79.98
2009-06-01,1395.24,502826748,5486029318,69575.1,3459.6,175909.8,1492.7,69.64,2085,8965,4.09,21.89,2.41,178225.5,115443.3,24030.6,0.6,590818.1,1.93,2,97.5,88.983,79.966,82.306,89.88,94.77,94.53,4.6,74.6,79.2,81.6
2009-07-01,1460.03,463500432,5584893806,62366.8,6525,175733.2,1438.5,64.15,2060,7863,4.09,14.56,2.41,179811.4,116903.6,25252,0.6,599206.8,1.93,2,98.4,89.152,80.039,82.383,89.9,94.95,95.61,4.8,75.1,79.6,83.31
2009-08-01,1577.91,512044555,6854850070,53100.6,27552.1,175682.6,1419.2,71.05,1960,9545,4.42,12.07,2.48,180858.9,117591.7,25820.6,0.7,607761.5,1.98,2,108,89.236,80.26,82.535,89.92,94.95,96.16,4.5,75.7,80,85.09
2009-09-01,1659.45,480434820,7486380854,50786.3,27646.5,171556.3,1490.9,69.41,1887,7187,4.4,33.2,2.64,180920.5,116951.9,26179.2,0.6,615768.7,1.99,2,109.4,89.236,80.482,82.764,89.94,94.95,96.25,4.3,76.7,80.4,85.97
2009-10-01,1630.61,366642370,5608220438,48464.7,30085.6,166075.5,1464.2,75.72,1778,3761,4.47,32.89,2.79,181639.5,117460.4,26631.9,0.6,627283.7,1.99,2,112.2,89.487,80.556,82.841,90.25,95.21,95.48,3.8,77.5,81.1,85.42
2009-11-01,1583.47,281501470,4156400225,49122.8,29810,165453,1643.1,77.99,1814,3077,4.32,40.57,2.79,182907.5,117896,27372.5,0.6,637211.1,2,2,108.2,89.655,80.63,82.917,90.54,95.29,95.81,4.2,78.1,81.8,84.2
2009-12-01,1646.64,351015013,4655864186,53314.4,30155.6,160282,1551.2,74.47,1803,3894,4.24,24.7,2.82,182793.2,118429.8,28006.8,0.5,646874.5,2,2,110.1,89.991,80.777,83.146,90.55,95.38,96.29,4.1,78.2,82.3,83.87
2010-01-01,1682.16,459913057,6153237122,55412.5,31240.4,155643.7,1577.8,78.33,1803,4886,4.29,15.03,2.88,182520.3,118215.3,28688.6,0.6,664999.9,2,2,113.3,90.178,80.909,83.277,91.53,95.72,96.71,6,78.9,82.6,85.2
2010-02-01,1598.96,379901141,4047188580,53776.8,31682,154248.2,1594.6,76.39,1813,3811,4.19,17.21,2.88,182661.6,118481.4,28947.2,0.6,681817.1,2,2,116.9,90.36,81.073,83.446,92.21,95.7,96.88,5.8,80,82.8,84.9
2010-03-01,1665.5,417962187,4329068950,57763.8,32836.3,151846.4,1402,81.2,1658,3978,3.94,26.99,2.83,183706.4,119222.8,29568,0.5,694075.4,2.01,2,115.7,90.543,81.319,83.699,92.06,95.75,97.33,5.2,80.9,82.9,84.4
2010-04-01,1730.29,423010043,5684745822,61309.4,34519.4,149326.8,1324.6,84.29,1575,2623,3.77,30.36,2.51,184491,119864.2,30090,0.6,709124.7,2,2,117.3,90.634,81.483,83.868,91.89,95.76,98.04,5.1,81.8,83,82.72
2010-05-01,1648.3,398717707,6270911850,62060.9,34020.1,150407.1,1320.8,73.74,1957,2131,3.7,33.22,2.45,186610.3,120493.6,30591.1,0.6,718000.5,2.01,2,116.4,90.816,81.811,84.121,91.95,95.81,98.87,4.2,82.5,83.2,81.31
2010-06-01,1691.94,338267742,5065175950,63832.4,34618.7,150012.7,1303.5,75.34,1979,2151,3.75,76.46,2.45,187300.7,121130.5,31271.6,0.6,733349.8,2,2,115.3,90.998,82.057,84.374,91.63,95.88,98.98,4.2,83.2,83.5,80.33
2010-07-01,1731.12,365822347,5563520901,58671.5,34978.6,145541.6,1171.6,76.32,1941,2202,3.88,164.96,2.58,188045.2,122113.4,31863.2,0.7,745601.4,2.21,2.25,115.1,91.18,82.222,84.543,91.65,95.94,99.23,4.5,83.7,83.7,79.65
2010-08-01,1762.18,331186509,5034247282,56707.6,36234.2,142758.4,1144.1,76.6,2085,2331,3.73,145.93,2.63,188776.4,121812.7,32161.5,0.8,757312,2.27,2.25,113.7,91.271,82.304,84.627,91.93,95.97,99.53,4.3,84,83.8,79.22
2010-09-01,1815.75,332826717,6041004929,55510.6,35621.4,141157.4,1234.1,75.24,2169,2811,3.48,73.12,2.66,189381.7,122165.4,32441.3,0.7,768102.8,2.27,2.25,114.2,91.362,82.468,84.711,91.89,96.04,100.1,4.3,84.2,83.9,79.96
2010-10-01,1889.7,371127951,6545581019,57150.6,35277,141888,1203.1,81.89,2506,4906,3.24,76.89,2.66,190529.5,122853.2,33107.7,0.7,777823.5,2.26,2.25,111.8,91.636,82.714,84.965,91.87,96.06,100.47,4.6,84.1,83.8,80.09
2010-11-01,1924.71,353129656,6703180304,60095.7,35275.5,142157.7,1241.1,84.25,2842,6197,3.4,77.92,2.73,192201,123508.1,33415.7,0.7,781201.9,2.37,2.5,113.2,91.909,82.96,85.218,91.99,96.07,100.82,4.1,83.9,84,80.82
2010-12-01,2002.5,399010693,5996517298,59765.3,36106.4,143264.1,1345.7,89.15,2729,6485,3.25,99.26,2.8,192996.2,124107.3,34012.1,0.6,784586.9,2.5,2.5,111.5,92.182,83.288,85.555,92.42,96.13,101.75,4.3,84.6,84.2,81.79
2011-01-01,2091.61,390384749,7670743888,55742.9,36285.6,145245.6,1329.7,89.17,2269,7180,3.71,65.86,2.93,193139.8,124710.3,34665.4,0.7,782098,2.66,2.75,111.3,92.456,83.617,85.893,92.91,96.39,103.32,4.8,86,84.7,83.03
2011-02-01,2002.87,314998845,6179024760,47853.5,36865.7,141079.3,1367.7,88.58,2216,6025,3.94,86.2,3.13,193848.4,125280.3,34648.2,0.7,789392.6,2.75,2.75,113,92.729,83.781,86.061,94.14,96.41,104.09,5.2,86.8,85,83.6
2011-03-01,2002.67,300856354,6845384985,44485.9,37122.9,139112.9,1349.5,102.86,2104,5417,3.74,144.16,3.35,194886.7,126216,35183.8,0.6,797831.2,2.92,3,109.3,93.002,84.437,86.652,93.88,96.42,105.34,5.4,87.5,85.3,83.35
2011-04-01,2153.13,367606241,9199004928,44690,37177.1,139298.7,1348.3,109.53,1855,4029,3.74,154.9,3.4,195633,126822.7,35560.4,0.7,806867.1,3.01,3,113.1,93.458,85.012,87.158,93.52,96.49,105.99,5,88,85.3,82.78
2011-05-01,2121.87,310986473,7294221748,44763.8,36528.4,141718,1438.6,100.9,1785,3840,3.66,193.55,3.46,196699.9,126687.8,36031.9,0.8,818238,3.02,3,111.1,93.731,85.422,87.58,93.27,96.55,106.31,4.6,89,85.4,82.2
2011-06-01,2074.64,260614414,6564420592,45073.6,35220.1,145864.8,1457,96.26,1825,3696,3.65,140.98,3.53,197868.1,127018,36341.8,0.7,824153.3,3.21,3.25,107.8,94.004,85.832,87.918,93.03,96.6,106.07,4.4,89.8,85.6,81.7
2011-07-01,2150.06,314057327,6847705626,41162.8,34860.1,146931.5,1478.2,97.3,1826,4316,3.77,165.87,3.59,198817.2,127536.8,36573.8,0.8,831144.1,3.26,3.25,106.9,94.186,86.078,88.171,92.94,96.61,106.21,4.2,89.9,85.7,81.77
2011-08-01,1869.41,436811401,8124718826,38208.6,35555.1,148063,1448.8,86.33,1767,4712,3.57,188.67,3.59,199989.5,127651.6,37056.5,0.8,837089.4,3.25,3.25,105.3,94.551,86.571,88.593,93.2,96.65,106.35,4.3,89.9,85.7,81.93
2011-09-01,1790.95,384443355,6416028024,40863.8,35465.3,148105.1,1468.7,85.52,1776,4177,3.45,377.18,3.58,200291.6,128044.9,37670.5,0.7,842588.1,3.25,3.25,105.1,94.733,86.981,89.015,93.16,96.67,106.43,4.4,90.2,85.7,81.76
2011-10-01,1825.88,365271759,6703428676,42902.7,34815,149794.8,1487.9,86.32,1821,4027,3.47,543.44,3.58,201343.5,128497.6,37909,0.8,847592.4,3.24,3.25,102.9,94.915,87.391,89.352,93.13,96.79,106.33,4,90.6,85.8,81.15
2011-11-01,1858.8,355903809,5456312920,44845.5,34770.9,148834.4,1514.4,97.16,1801,3518,3.39,497.78,3.56,201945.4,129001.2,38294.1,0.8,853987.1,3.26,3.25,102.9,95.188,87.884,89.774,93.26,96.93,105.99,4,91,85.8,80.43
2011-12-01,1863.23,434233779,4925847400,43426.1,34440,150176.1,1545.7,98.56,1861,3711,3.36,451,3.55,202092,129389.5,38666.2,0.7,855926.5,3.26,3.25,98.4,95.37,88.212,90.027,93.73,96.99,106.09,4.3,91.2,85.9,79.57
2012-01-01,1891.01,429804368,5417135721,45187.2,36123.9,149896.2,1567.8,100.27,1890,2786,3.37,97.46,3.55,200857,128780.1,39150.1,0.8,851810.3,3.26,3.25,99.6,95.553,88.458,90.28,94.41,97.37,106.64,4.6,91.4,86.2,79.57
2012-02-01,2003.23,628670904,6848263183,48586.9,36929.9,146732.4,1520.2,102.2,1703,3948,3.43,288.55,3.53,200955.6,128685.7,39950.8,0.8,858582.1,3.25,3.25,103.8,95.835,88.704,90.55,95.82,97.4,107.37,5.5,91.9,86.7,79.35
2012-03-01,2023.41,496888183,5368063007,45769.6,36781,144926.4,1605.6,106.16,1732,4077,3.55,395.89,3.54,200579.4,128734.1,39926,0.8,861240.1,3.25,3.25,105.1,96.008,89.196,90.955,95.92,97.41,107.9,4.8,92.1,87.2,78.8
2012-04-01,1995.92,532367219,4965044317,47127.2,36494.8,142373,1614.9,103.32,1691,3415,3.5,347.62,3.54,200872.2,128727.8,40334.8,0.9,865727.7,3.25,3.25,108.9,96.463,89.607,91.377,95.35,97.47,107.95,4.4,92.6,87.6,78.08
2012-05-01,1886.35,477252829,4691140592,48475.1,35579.2,144098.7,1649,94.66,1703,3487,3.38,465.96,3.54,201376.2,128511.4,40808,1,870370.5,3.26,3.25,104.5,96.737,89.853,91.63,94.96,97.48,107.35,4,93.1,87.7,77.9
2012-06-01,1848.6,373133848,4070644726,45941.8,34885.7,144835.8,1679.1,82.3,1698,2577,3.29,514.39,3.54,201622.2,128578.4,41209.7,0.8,875862.4,3.26,3.25,99.3,96.919,90.017,91.799,94.78,97.6,106.05,4.2,93,87.9,77.1
2012-07-01,1826.75,376384952,4092987185,44659.7,34747.4,146839,1726,87.9,3146,2148,3.01,514.83,3.34,201771.5,128199.5,41485.1,0.9,882896,3.08,3,94.5,97.101,90.099,91.909,94.61,97.64,105.58,4.2,93,87.9,76.16
2012-08-01,1918.91,445579924,4366251206,50282.2,35193.8,148347.6,1702.5,94.13,3847,2222,2.83,513.08,3.19,201656.3,127699.1,41887,1,884231.5,3,3,92.8,97.192,90.263,92.052,94.98,97.66,106.23,4.2,92.6,87.9,75.39
2012-09-01,1961.29,753320375,5216919644,49770.4,35093.7,148063,1675,94.51,3754,3388,2.81,460.6,3.14,199885,127010.2,42299.3,0.9,883288.8,2.99,3,91.5,97.283,90.427,92.187,94.67,97.75,106.61,4,92.9,88,75.1
2012-10-01,1942.19,482695674,4305597713,51061.8,36167,147283.7,1668.8,89.49,3700,4918,2.78,593.27,2.93,200269.1,126580.8,42771.1,1,879969,2.8,2.75,89.3,97.374,90.673,92.398,94.87,97.79,105.78,3.6,92.7,88.2,75.01
2012-11-01,1904.7,447668476,4332995180,53885.3,37126.7,150213.8,1653.2,86.53,3594,4348,2.8,895.8,2.85,200577.4,126096.5,43387.9,1,878923,2.75,2.75,88.4,97.648,90.92,92.659,94.79,97.88,105.05,3.6,92.8,88.5,74.88
2012-12-01,1973.84,397045224,4220279405,49120.3,36619.8,151003.3,1595.2,87.86,3481,3757,2.85,"1,253.95",2.88,201002.1,126569.8,43547.2,0.8,879357.9,2.75,2.75,89,97.821,91.166,92.879,95.55,97.98,104.79,3.4,93,88.9,73.96
2013-01-01,1986.1,495654538,4434353297,50949.7,38034.5,144956.7,1567.9,94.76,3415,3434,2.75,440.43,2.86,200072.2,125883.7,44121.4,1,883814.7,2.76,2.75,92.5,97.921,91.412,93.09,96.46,98.1,104.96,3.9,93.3,89.1,74.48
2013-02-01,1979.85,384608603,3674863781,55020.5,37511.7,146954.1,1558.3,95.31,3308,4480,2.7,839.76,2.83,199441.8,125338.6,44663.1,1,883161.2,2.75,2.75,94.6,98.103,91.658,93.318,98.19,98.22,105.68,4.6,93.6,89.4,74.78
2013-03-01,1990.24,342831485,3830684225,55303,38142.6,149050.3,1435.2,92.94,3168,6559,2.6,940.27,2.81,199090.2,125078.4,46001.9,1,881062.7,2.74,2.75,97,98.294,91.986,93.613,98.22,98.29,105.26,5,94.3,89.7,75.42
2013-04-01,1938.88,349743992,4358558297,51447.2,38248.2,155254.8,1408.7,92.02,3035,6716,2.55,"1,745.47",2.8,199239.5,124678.2,47324.3,1,877119.5,2.75,2.75,96.5,98.467,92.315,93.891,98.05,98.16,104.93,4.2,95,90.1,75.64
2013-05-01,1974.45,313666214,4220941937,50639.5,38369.4,160391.1,1382.2,94.51,2908,6350,2.59,"1,869.58",2.72,200043.2,125056.8,47892,1,874704.4,2.55,2.5,95.8,98.559,92.561,94.102,98.57,98.22,104.57,4.2,95.3,90.4,75.73
2013-06-01,1884.41,295025329,4104743494,51680.4,37582.6,160456.2,1284.6,95.77,2722,5133,2.87,"2,351.92",2.69,201007.4,125500.5,48606.6,0.9,870759.9,2.49,2.5,94.8,98.559,92.807,94.288,98.29,98.34,104.55,3.9,95.6,90.9,75.36
2013-07-01,1871.77,330598290,3642652782,54421.8,37284.6,162712.3,1325,104.67,2581,3310,2.91,846.7,2.68,201256.2,125437.8,49349.4,0.9,865229.4,2.48,2.5,94,98.65,92.971,94.44,98.16,98.54,104.53,3.6,95.7,91.3,75.3
2013-08-01,1896.96,335236344,3825979567,52213.9,37581.2,161151.2,1318.1,106.57,3970,5315,2.94,548.77,2.66,202007.6,125667.6,50005.4,1,866274.6,2.5,2.5,93.7,99.014,93.217,94.71,98.29,98.69,104.82,3.7,95.8,91.7,75.55
2013-09-01,1984.39,282506538,4461010541,49396.5,38418.2,157272.4,1311.8,106.29,4331,7286,2.9,315.46,2.66,201617.4,125556.5,50564.3,0.9,870510.5,2.5,2.5,94.5,99.196,93.381,94.887,98.13,98.86,104.71,3.4,95.8,91.9,76.36
2013-10-01,2029.68,271655960,4243697758,49285.2,37804.8,154688.8,1326,100.54,3808,7732,2.83,434.05,2.66,202438.9,126081,51554.5,0.9,871823.2,2.5,2.5,96.2,99.287,93.628,95.089,98.33,98.85,104.34,3.4,96.1,92.4,76.59
2013-11-01,2009.92,290660045,3694007340,49840.7,37862.7,152245.9,1331.1,93.86,3568,5271,2.936,400.93,2.65,203133.6,126408.4,52220.9,0.9,870486.8,2.5,2.5,96.4,99.287,93.792,95.208,98.38,98.92,104.13,3.5,96.6,92.8,76.4
2013-12-01,1988.33,230173810,3437431296,47367.6,38058.1,151575.3,1373.6,97.63,3157,6550,2.941,363.58,2.65,203601.7,127035.2,52794.2,0.7,872175.3,2.5,2.5,96.3,99.378,94.12,95.469,98.46,98.93,104.37,3.5,96.8,93.2,75.77
2014-01-01,1948.22,254748238,3880111935,48436,38003.7,152919.9,1367.8,94.62,2905,7250,2.892,189.57,2.65,202891.1,126949.9,53544.9,0.7,872660.5,2.5,2.5,99.1,99.56,94.366,95.705,98.82,99.09,104.65,3.8,97,93.6,76.69
2014-02-01,1937.73,224111005,3705431718,54471.9,38540.3,153383.1,1347.2,100.82,2734,8877,2.854,226.98,2.65,204192.4,127728.2,55119,0.8,873942.6,2.49,2.5,101.5,99.56,94.776,96.018,100.01,99.11,104.78,5,97.1,93.9,77.25
2014-03-01,1952.43,236658672,3674999850,51876.1,38148.1,151776.2,1318.7,100.8,2259,8029,2.874,314.82,2.65,204754,128438.2,55030.8,0.7,878643.4,2.48,2.5,99.8,99.652,95.105,96.279,99.62,99.1,104.74,4.6,97.2,94.1,77.58
2014-04-01,1991.19,213177067,3573378127,50494.6,38322.8,151997.1,1315.5,102.07,2185,5427,2.875,713.04,2.65,204805.3,128399.9,55811.6,0.7,879701.4,2.49,2.5,101.3,99.743,95.597,96.667,99.66,99.12,104.58,4.9,97,94.4,77.31
2014-05-01,1994.13,225558747,3665502933,50165.7,38885.1,152938.9,1292.9,102.18,2241,4813,2.838,"1,243.11",2.65,205503.2,128903.2,56577.4,0.7,878860.7,2.49,2.5,99.6,99.743,95.761,96.785,99.92,99.21,104.56,4.7,97.1,94.7,77.12
2014-06-01,1995.08,242214970,3927661038,50242.8,38996.8,151902.9,1318.7,105.79,2601,5274,2.746,"1,940.66",2.65,206691.8,129784.1,57439.4,0.6,881299.3,2.48,2.5,95.7,99.743,96.007,96.979,99.95,99.2,104.61,4.4,97.1,95,77
2014-07-01,2021.95,303607891,4034403266,50554.8,38491,154769.3,1382.4,103.59,2492,6463,2.558,"1,956.91",2.65,208293.8,130921.4,58272.4,0.7,885324.7,2.49,2.5,93.6,99.743,96.171,97.098,99.84,99.38,104.69,4.5,97.3,95.2,77.3
2014-08-01,2060.93,304076746,4124629502,60931.9,39587.1,152451.2,1362.9,96.54,2362,8973,2.54,"2,190.81",2.52,209866.3,131869.6,59296.8,0.7,884557.6,2.34,2.25,96,99.743,96.335,97.216,99.99,99.39,104.58,4.2,97.8,95.5,78.3
2014-09-01,2042.71,344312753,4234643897,61405.2,39331.3,151766.1,1391.4,93.21,1797,9829,2.405,"2,137.56",2.35,211558.6,133147.8,60344.1,0.6,880546.7,2.23,2.25,99,99.834,96.582,97.418,99.92,99.42,104.2,4.3,98.1,96,79.05
2014-10-01,1942.8,351879969,4462668374,61679.5,38944.7,156118.7,1407.6,84.4,1724,8369,2.239,"3,600.39",2.21,213996.4,134970.1,60986.4,0.6,880859.4,2.06,2,93.9,99.925,96.828,97.629,100.15,99.46,103.47,4.4,98.3,96.4,79.42
2014-11-01,1959.65,314832830,4651545932,68043.5,39495,160175.7,1404.1,75.79,1522,5938,2.138,"3,892.46",2.14,216254.4,136373.7,62005.7,0.6,883476.8,1.98,2,95.6,99.925,97.238,97.933,100.11,99.63,103.15,3.8,98.5,96.8,79.45
2014-12-01,1941.93,319661035,3891322356,62498.8,40041,161834.9,1410.2,59.2,1356,6296,2.143,"4,156.64",2.13,217982,137629,63642.7,0.5,886820.3,1.99,2,94.6,99.925,97.484,98.118,100.1,99.62,102.14,4.1,99.2,97.1,79.32
2015-01-01,1920.99,325991,4409964,67427.3,40942.8,161560.8,1398.7,47.33,1497,9610,2.04,2443.09,2.13,218276.2,138052.9,64548.7,0.5,881397.3,1.99,2,96.4,99.85,98.25,98.91,100.48,99.95,100.89,4.3,99.3,97.7,79.78
2015-02-01,1961,347844,4522664,71228.1,41669,159831.6,1335.6,50.72,1238,9838,2.02,3659.9,2.12,219526.8,139228.2,67720.5,0.6,876609.3,1.99,2,101.5,99.82,98.48,99.03,101.88,100.04,100.96,4.7,99.3,98.1,80.42
2015-03-01,2012.62,386901,5057306,75184.1,41917.8,161938.1,1264.9,47.85,1064,15543,1.87,3661.15,1.95,222200.6,141060.9,67383.6,0.5,875125.6,1.83,1.75,99.7,99.84,98.71,99.17,102.02,100.07,100.84,4.7,99.2,98.7,81.33
2015-04-01,2107.27,526493,6586617,80237.4,42465.2,163043.3,1142.3,54.63,987,11850,1.74,7144.67,1.81,225540,143806.2,67571.8,0.5,876151.9,1.73,1.75,102.2,99.9,99.1,99.43,100.61,100.12,100.8,4.7,99.4,99.2,82.05
2015-05-01,2114.9,410490,5881451,78121.4,43543,164157,1115.2,59.37,976,10172,1.88,7241.74,1.8,226020.3,143928.8,68774.8,0.5,875344.1,1.74,1.75,100.5,99.98,99.45,99.67,99.16,100.13,100.87,4.3,99.3,99.7,82.68
2015-06-01,2063.69,417031,5950963,77511.2,42836.2,164007.9,1121.2,59.85,638,10739,1.77,9332.75,1.7,223362.3,140432.2,68952.6,0.4,878704.4,1.57,1.5,89.1,100.02,99.79,99.88,99.15,100.19,100.82,4.7,99.1,99.9,83.13
2015-07-01,2058.03,581403,6791214,77685.1,42013.6,170292.5,1102,50.93,482,11056,1.78,4979.43,1.65,224570.6,141387.3,69810.3,0.5,880189,1.48,1.5,93.3,100.01,100.14,100.09,99.27,100.2,100.45,4.1,99.8,100.2,84.14
2015-08-01,1952.55,418444,5797346,79372.3,42744.9,172481.1,1046.8,42.89,317,8711,1.74,2993.61,1.64,227245.5,143353.1,70743,0.5,881068.3,1.49,1.5,94.9,100,100.55,100.32,99.39,99.75,99.83,3.9,100.4,100.5,84.84
2015-09-01,1939.58,502577,4935388,75814.9,43277.3,175831.9,998.4,45.47,251,9827,1.65,2270.51,1.6,229412.7,145157.6,72715.6,0.4,883601,1.48,1.5,94.5,100.05,100.89,100.54,99.19,99.8,99.39,3.8,100.9,101.1,85.41
2015-10-01,2020.57,627929,5310821,72541.4,42342,175567.2,971.2,46.29,264,10610,1.63,2576.72,1.58,233046.8,147568.3,74002.4,0.4,884814.7,1.48,1.5,95.1,100.11,101.17,100.73,99.56,99.88,98.71,3.6,101,101.4,86
2015-11-01,2006.78,428508,4727425,68532.2,43998.9,175650.6,946.1,42.92,241,7199,1.75,4351.72,1.59,235396.6,149085.7,74333.5,0.4,888342.6,1.49,1.5,94.9,100.2,101.5,100.97,99.48,99.92,98.32,3.6,101.1,101.8,86.26
2015-12-01,1971.53,452771,3958381,63465.1,45077.2,174668.7,924,37.33,494,4869,1.72,5903.26,1.67,237929.1,151157.6,75318.2,0.4,889551.5,1.48,1.5,91.4,100.26,101.97,101.27,99.8,99.95,98.09,3.9,101.2,101.8,85.75
2016-01-01,1894.65,365077,4774157,65461.6,44824.9,175382.3,887.9,31.78,737,4989,1.63,3610.94,1.67,238917.9,151897.6,76672.1,0.4,895802.6,1.49,1.5,91.4,100.4,102.28,101.51,99.73,100.28,97.56,4,100.8,101.9,85.63
2016-02-01,1900.61,343852,4603290,71397.6,44849.7,177387.1,837.1,30.62,884,5363,1.47,3044.95,1.64,240100.7,152080.1,80249.2,0.4,901234.5,1.49,1.5,90,100.4,102.48,101.63,100.79,100.34,97.56,5.3,100.5,101.9,85.74
2016-03-01,1976.5,352145,4431028,66589.3,44889.4,179494.3,772,37.94,788,8896,1.5,4050.22,1.63,241702.3,153160.2,78878,0.4,903620.5,1.49,1.5,91.8,100.4,102.82,101.83,101.04,100.34,97.5,4.8,100.1,102.3,85.86
2016-04-01,1996.17,398676,4704666,63233.7,45582.7,177788.8,710.4,41.12,651,10467,1.47,4691.97,1.61,243294.3,154391.2,79368.1,0.4,902815.4,1.48,1.5,95,100.46,103.03,101.97,101.01,100.39,97.74,4.3,100.2,102.7,86.26
2016-05-01,1966.68,482527,5036097,67456.1,46375,177741.4,644.6,46.8,507,10853,1.46,4145.06,1.58,245951.7,156076,80395,0.4,910413.5,1.49,1.5,92.9,100.55,103.25,102.14,101.34,100.61,97.86,4.3,100.5,103.2,86.78
2016-06-01,1977.03,467397,5199451,69069.6,45897.7,179042.2,584.7,48.85,409,13289,1.33,6971,1.43,248586.1,158001.3,80618.2,0.3,916860.2,1.29,1.25,92.6,100.58,103.58,102.35,101.49,100.78,98.09,4,100.8,103.5,87.83
2016-07-01,2002.48,384192,4222549,71604.2,46300.5,183100.6,527.4,44.8,426,11829,1.22,10694.12,1.36,250932.3,159624.8,81178.6,0.3,918586.9,1.23,1.25,94,100.75,103.93,102.62,101.32,100.81,97.98,3.8,101.4,104,89.18
2016-08-01,2036.66,354784,4374242,75984.9,46362.6,185445,463,44.8,372,11020,1.24,12376.34,1.35,254359,161830.8,81619,0.4,923078.3,1.23,1.25,96.2,100.74,104.29,102.83,101.58,100.98,98.07,4.2,102.1,104.5,90.26
2016-09-01,2042.56,465879,4546267,70950.1,46669.1,184982.4,403.3,45.23,327,11325,1.31,11680.15,1.34,255854.3,163200,84368.7,0.3,926511.3,1.24,1.25,95.7,100.71,104.67,103.04,101.48,101.02,98.3,4.2,103.2,105,91.42
2016-10-01,2036.03,331853,4483218,68275.6,46312.5,185921.2,355.6,50.09,283,12174,1.36,14874.37,1.35,258447.8,164916.1,83988.8,0.3,935157.8,1.23,1.25,94.2,100.7,104.8,103.11,101.85,100.99,98.59,4,103.9,105.5,92.47
2016-11-01,1981.75,300482,4458142,63579.8,45447.5,184473.4,316.4,45.86,268,5765,1.61,18028.27,1.42,261979.3,167171.7,84789.7,0.3,941772.1,1.23,1.25,93.7,100.77,105.08,103.31,101.66,101,99.03,3.7,104.9,106,92.5
2016-12-01,2021.67,287425,3514792,63210.7,47118.3,181816.6,316.8,52.17,274,4214,1.69,17901.67,1.54,262435.9,167875.7,85824.8,0.3,939764.7,1.23,1.25,92,100.73,105.52,103.55,102.15,100.95,99.9,3.8,105.8,106.5,91.81
2017-01-01,2061.73,421216,4111711,68141.2,48642.2,181206,337.4,52.61,205,3739,1.64,11632.29,1.5,262293.2,167698.8,88744,0.3,934548.5,1.24,1.25,94.2,100.65,105.74,103.68,102.23,101.13,101.35,4.5,107.1,107.1,91.56
2017-02-01,2082.8,356447,4484081,70435.4,48322.2,178253.5,340.9,53.46,187,5730,1.67,14614.45,1.49,262727.2,167852,89442.8,0.3,939638.3,1.23,1.25,96.2,100.75,106.11,103.93,103.64,101.18,101.74,5.4,107.3,107.6,91.72
2017-03-01,2136.17,403182,5025620,67596,47951.4,178005.5,346.2,49.67,200,8603,1.71,11795.13,1.48,263208.1,168377.3,88504,0.3,944342,1.23,1.25,98.8,100.74,106.45,104.12,103.44,101.23,101.7,4.9,107.9,108.1,92.34
2017-04-01,2160.18,386472,4598756,71388.9,49921.4,175615.9,322.7,51.12,157,9380,1.68,8435.13,1.43,264498.4,169036.1,89187.1,0.3,946956.4,1.23,1.25,98.4,100.7,106.8,104.31,103.42,101.26,101.48,5,108.7,108.6,92.56
2017-05-01,2301.89,369914,6208859,70733.6,49797.2,174504,314.7,48.54,119,14853,1.7,7985.47,1.4,266384.9,169838.4,90272.4,0.3,950249.2,1.23,1.25,99.5,100.91,107.09,104.56,103.76,101.36,101.21,4.2,109.1,109.1,93.84
2017-06-01,2372.2,356376,6132872,72057.9,49507.6,175190.2,322.4,45.2,64,12848,1.67,9053.4,1.38,268358.5,171044.5,90228.9,0.3,954571.8,1.24,1.25,98.6,100.88,107.39,104.72,103.91,101.31,100.81,4.2,109.4,109.7,95.56
2017-07-01,2412.9,296444,5310060,61654.9,49358.3,176775.1,320.1,46.68,41,14946,1.74,6738.84,1.39,271009.2,172570.4,90717.1,0.3,955862.5,1.24,1.25,97.7,100.85,107.62,104.83,104.03,101.49,100.89,4.2,108.9,110.1,97.86
2017-08-01,2372.18,260177,4939218,63949.3,49046.4,176560.7,306,48.06,39,5112,1.78,7046.8,1.39,274899.9,174607.2,91298.3,0.3,964697.4,1.23,1.25,98.9,100.77,107.88,104.95,104.32,101.47,101.35,4.6,109.2,110.6,98.16
2017-09-01,2371.84,278224,5271439,55727.2,48485.8,180717.5,303.7,49.88,75,6858,1.79,7634.25,1.38,276197.3,174828.7,93147.7,0.3,973269.9,1.25,1.25,97.5,100.74,108,105,104.3,101.34,102.03,4.6,109.1,110.8,98.56
2017-10-01,2482.87,315726,6202414,56397.7,47856.9,179788,302.7,51.59,56,6315,2.03,6371.39,1.38,278568.7,175427.9,96159.2,0.3,974017.3,1.25,1.25,101,100.73,108.18,105.09,104.92,101.34,102.14,4.2,109.4,111.3,99.52
2017-11-01,2533.51,339753,6269780,57661.3,47010.5,179703.6,301.1,56.66,68,8139,2.15,9495.92,1.45,281452.2,176351.5,95282.1,0.3,984253.2,1.26,1.5,101,100.74,108.44,105.25,104.26,101.34,102.04,4.1,110.1,111.6,100
2017-12-01,2467.73,302528,5520972,52206.2,47834.6,183376.8,324.3,57.95,45,8541,2.1,10591.12,1.66,282438.7,176991,95872.9,0.2,980323.7,1.51,1.5,100.7,100.67,108.51,105.26,104.59,101.37,102.09,4.4,110.7,111.8,100.9
2018-01-01,2520.94,375160,7142577,63760.2,48604.1,183070.7,335.9,63.66,45,12564,2.19,9728.65,1.66,283669.8,177280.4,96533.4,0.3,983166.5,1.5,1.5,98.1,100.62,108.79,105.4,104.86,101.43,102.52,4.4,111,112.2,102.94
2018-02-01,2439.1,404512,6886748,63318.4,47668,183247.6,342.1,62.18,48,9168,2.28,11187.95,1.65,284094.8,177150.8,99778.5,0.3,993334.1,1.49,1.5,99.8,100.56,108.97,105.47,106.41,101.44,102.95,5.3,111.8,112.5,104.85
2018-03-01,2451.57,384710,6883678,62076.1,47823,184552.4,357.2,62.77,48,9409,2.27,11256.54,1.65,285382.6,177624.2,98577.7,0.3,999082.7,1.49,1.5,96.3,100.49,109.14,105.54,106.84,101.47,102.91,5.5,112.3,112.7,106.05
2018-04-01,2458.22,497136,7812027,61828.4,47265.4,188845.4,341.8,66.33,47,4487,2.19,9407.1,1.65,287303.5,178078,98236.3,0.3,1007269.6,1.48,1.5,98.3,100.44,109.39,105.66,106.57,101.54,103.04,5,112.6,112.7,107.6
2018-05-01,2461.3,641027,9053263,64689.8,45023.6,186191.2,320.1,69.98,47,4699,2.25,8313.76,1.65,288940,178762.9,99121.9,0.3,1020740.8,1.5,1.5,100.7,100.39,109.53,105.71,106.34,101.65,103.34,5.3,112.4,113.2,108
2018-06-01,2394.51,497413,7546209,69251.9,45279.9,189630.9,326.3,67.32,47,5240,2.18,9231.11,1.65,289868.6,178960.1,98939.3,0.3,1032544.8,1.49,1.5,99,100.3,109.61,105.72,105.96,101.84,103.37,4.8,112.6,113.5,108.69
2018-07-01,2284.25,341344,5510769,70872.6,44421.1,193726.2,343.1,70.58,42,7027,2.1,8853.14,1.65,291201.8,179277.6,99143.1,0.3,1042339.2,1.49,1.5,93.7,100.24,109.66,105.72,105.55,102,103.85,4.7,113.5,113.7,110.12
2018-08-01,2283.8,282026,5226407,74495.7,44116.7,193691.2,343.7,67.85,39,14966,2.02,8936.78,1.65,293203.6,179981.4,99452.9,0.3,1051895.3,1.5,1.5,94.9,100.25,109.82,105.82,106.27,102.23,104.32,5,114.1,113.6,114.66
2018-09-01,2307.33,319602,6069409,56853.4,43725.4,197427.4,342.9,70.08,29,7203,1.95,7409.84,1.65,295266.1,181251.5,101615.9,0.3,1065153.9,1.54,1.5,97.8,100.23,109.95,105.88,106.01,102.39,104.62,4.9,113.9,113.8,121.07
2018-10-01,2153.48,334386,6101582,57677.9,42663.6,200131.2,338.5,70.76,28,3260,2.01,11765.92,1.68,298189.6,181938.7,102340.3,0.3,1083014,1.52,1.5,93.2,100.2,110.04,105.92,106.63,102.39,104.26,4.2,113.9,113.9,122.14
2018-11-01,2083.33,317225,5292702,59263.5,42278.7,202010.4,335.4,56.69,28,1775,1.94,13009.15,1.71,300850.4,183394.7,102587.7,0.3,1094905.7,1.51,1.75,92.2,100.19,110.11,105.95,106.29,102.45,103.53,3.8,113.6,114,120.33
2018-12-01,2070.13,401678,5249589,51063.9,42168.8,207182.9,340.3,48.98,27,1591,1.83,11069.96,1.91,301803.2,183858,103397.2,0.3,1094973.6,1.77,1.75,92.4,100.14,110.19,105.97,106.31,102.52,103.03,4.2,113.4,114,118.9
2019-01-01,2101.98,429782,5603161,57816.2,42370.4,209120.4,362.3,51.55,27,1724,1.81,11968.53,1.87,301208.6,183577.9,104583.8,0.3,1098154.1,1.76,1.75,89.8,100.14,110.25,106.01,105.64,102.6,102.92,5.1,113.4,114.2,117.66
2019-02-01,2210.2,404856,5618904,56532.1,42483.5,211185.8,372.3,54.98,50,1454,1.8,10677.3,1.87,301725.2,183974.3,107730.6,0.3,1106922.6,1.76,1.75,95.6,100.09,110.33,106.04,109.32,102.71,103.02,5.3,113.1,114.4,116.63
2019-03-01,2161.91,322903,4921997,55936.2,42137.5,210656.1,359.8,58.17,770,2275,1.79,10868.28,1.9,302256.6,184496.7,106160.2,0.3,1120331.7,1.76,1.75,94.7,100.06,110.35,106.04,108.88,102.77,103.38,5.6,113.3,114.7,115.45
2019-04-01,2212.12,440443,5378292,54193.9,43500.6,211903.3,330.4,63.87,292,3042,1.74,8807.49,1.89,304106.8,185582.2,106539.3,0.3,1128243.8,1.75,1.75,95.8,100.02,110.4,106.05,108.05,102.8,103.68,5.2,113.1,115.1,115.45
2019-05-01,2086.9,535376,5382849,54527.3,43457.7,211484.3,312.7,60.87,178,4401,1.68,7795.31,1.84,306218.9,186359.3,107449.4,0.3,1137778.1,1.75,1.75,92.1,100.01,110.4,106.04,108.17,102.85,103.79,4.9,112.7,115.3,116.42
2019-06-01,2105.3,592457,4600447,54595.9,42126,215311.6,313,54.71,123,6920,1.5,9027.14,1.8,307850.9,186961.8,107350,0.3,1149658.3,1.76,1.75,92.8,99.95,110.38,106,108.38,102.85,103.5,4.4,112.7,115.4,118.83
2019-07-01,2079.48,517781,4429029,50820.5,42429.9,218082,312.9,57.55,190,8817,1.38,11874.82,1.68,310648.3,187995.3,107479.5,0.3,1160682.2,1.63,1.5,89.6,99.96,110.42,106.04,108.24,103.02,103.5,4.4,112.3,115.4,121.25
2019-08-01,1944.24,498673,4662803,50487.7,42117,216662,299.6,54.84,205,6607,1.16,14792.41,1.49,314138.1,189603,108202.9,0.3,1176732.9,1.51,1.5,88.8,99.93,110.45,106.04,108.5,103.09,103.74,3.8,112.6,115.7,122.84
2019-09-01,2045.21,453725,4520648,44541.7,42171.5,222503.4,293.8,56.97,207,7021,1.29,17763.43,1.54,315819.7,190097.9,111768.4,0.3,1186785.6,1.52,1.5,91.7,99.92,110.49,106.06,108.37,103.24,103.8,3.6,112.5,116.1,124.18
2019-10-01,2065.75,423066,4421096,50991.2,40914,222908.9,288,54.01,191,11576,1.36,35599.44,1.46,318900.5,192231.8,111128.3,0.3,1201916.8,1.36,1.25,91.1,100.04,110.56,106.14,108.76,103.28,103.56,3.6,112.2,116.8,126.02
2019-11-01,2128.79,511317,5317098,46953.7,41141.6,223880.3,273.8,57.07,176,11490,1.49,69418.23,1.52,321228.2,193327,112061.2,0.3,1213871.8,1.28,1.25,91.9,100.1,110.62,106.2,108.72,103.27,103.41,3.4,112.2,117.5,128.35
2019-12-01,2147.01,509438,5065498,41882.9,42413.8,226532.1,285.6,59.8,151,9600,1.39,74181.06,1.53,323097.2,194201.6,113549,0.3,1202827.7,1.28,1.25,92.9,100.11,110.68,106.24,109.25,103.3,103.7,3.3,112.2,118.3,130.38
